<?xml version="1.0"?>
<doc>
    <assembly>
        <name>zip</name>
    </assembly>
    <members>
        <member name="T:NSZip.Program">
            <summary>blah</summary>
        </member>
        <member name="M:NSZip.Program.Main(System.String[])">
            <summary>main-line porgram.</summary>
            <param name="args">an <see cref="T:System.Array"/> of <see cref="T:System.String"/>s.</param>
            <seealso cref="M:NSZip.Program.showUserHelp(System.IO.TextWriter,System.Reflection.Assembly)"/>
            <seealso cref="M:NSZip.Program.parseArguments(System.String[],System.String@,System.Boolean@)"/>
            <seealso cref="M:NSZip.Program.populateZipfile(System.String,System.Collections.Generic.List{System.String})"/>
        </member>
        <member name="M:NSZip.Program.parseArguments(System.String[],System.String@,System.Boolean@)">
            <summary>parse the command-line parameters.</summary>
            <param name="args"></param>
            <param name="zipName"></param>
            <param name="showHelp"></param>
            <returns></returns>
        </member>
        <member name="M:NSZip.Program.populateZipfile(System.String,System.Collections.Generic.List{System.String})">
            <summary>Add files to the zip-file.</summary>
            <param name="zipName">a <see cref="T:System.String"/> containing the name of the zip-file to create/process.</param>
            <param name="argsToProcess">a  <see cref="T:System.Collections.Generic.List`1"/></param>
            <seealso cref="M:NSZip.Program.replaceEntryIfExists(System.IO.Compression.ZipArchive,System.String)"/>
            <seealso cref="M:NSZip.Program.addDirectoryContentsTo(System.IO.Compression.ZipArchive,System.String)"/>
        </member>
        <member name="M:NSZip.Program.addDirectoryContentsTo(System.IO.Compression.ZipArchive,System.String)">
            <summary>find all files in the given directory.</summary>
            <param name="za">a <see cref="T:System.IO.Compression.ZipArchive"/> which will contain the results.</param>
            <param name="dirName">a <see cref="T:System.String"/> containing the directory to be scanned.</param>
            <remarks><para>Find child entries of this directory, and add them to the zip-file.</para></remarks>
            <seealso cref="M:NSZip.Program.findChildrenOf(System.String)"/> 
            <seealso cref="M:NSZip.Program.replaceEntryIfExists(System.IO.Compression.ZipArchive,System.String)"/> 
        </member>
        <member name="M:NSZip.Program.replaceEntryIfExists(System.IO.Compression.ZipArchive,System.String)">
            <summary>Replace the given element, if it exists.</summary>
            <param name="za">a <see cref="T:System.IO.Compression.ZipArchive"/> instance whiich will contain the new child-element.</param>
            <param name="aKid">a <see cref="T:System.String"/> containing the name of the file to add to the archive.</param>
            <seealso cref="T:System.IO.Compression.ZipArchiveEntry"/>
            <seealso cref="M:System.IO.Compression.ZipArchiveEntry.Delete"/>
            <seealso cref="M:System.IO.Compression.ZipArchive.GetEntry(System.String)"/>
            <seealso cref="!:ZipArchive.CreateEntryFromFile(string,string,CompressionLevel)"/>
            <remarks>
            <para>Add a <see cref="T:System.IO.Compression.ZipArchiveEntry"/> after conditionally removing the previous instance.</para>
            </remarks>
        </member>
        <member name="M:NSZip.Program.findChildrenOf(System.String)">
            <summary>Gather files in the directory.</summary>
            <param name="dirName"></param>
            <returns>an <see cref="T:System.Array"/> of <see cref="T:System.String"/>s containing all child-objects of a given directory.</returns>
            <seealso cref="M:System.IO.Directory.GetDirectories(System.String)"/>
            <seealso cref="M:System.IO.Directory.GetFiles(System.String)"/>
        </member>
        <member name="M:NSZip.Program.showUserHelp(System.IO.TextWriter,System.Reflection.Assembly)">
            <summary>Show help messages.</summary>
            <param name="tw">a <see cref="T:System.IO.TextWriter"/> to which to write the information.</param>
            <param name="a">a <see cref="T:System.Reflection.Assembly"/> containing the information about ....blah...</param>
            <seealso cref="M:System.IO.Path.GetFileNameWithoutExtension(System.String)"/> 
        </member>
    </members>
</doc>
